ID, First Name, Last Name, Email
1, John, Doe, johndoe@gmail.com
2, Jane, Smith, janesmith@gmail.com
3, aabab, 3,fr''..Alice, Johnson, alijohnson@gmail.com, 999
4, Bob, Brown, bobbrown@gmail.com
5, Carlos, García, carlos.garcia@example.com
6, María, Rossi, maria.rossi@example.it
7, Liam, O'Connor, liam.oconnor@example.ie
8, Chen, Wei, chen.wei@example.cn
9, Emma, Müller, emma.mueller@example.de
10, No Email, User,
11, Zoë, François, zoe.francois@example.fr
12, Sam, Patel, sam.patel@example.co.uk
